Type,Name,Request Count,Failure Count,Median Response Time,Average Response Time,Min Response Time,Max Response Time,Average Content Size,Requests/s,Failures/s,50%,66%,75%,80%,90%,95%,98%,99%,99.9%,99.99%,100%
POST,/api/login,843,491,10000.0,11697.047257057655,109.269900014624,28145.150700001977,139.4638196915777,26.5108708644637,15.441088486894042,10000,10000,11000,14000,20000,24000,26000,26000,28000,28000,28000
GET,/health,2112,195,1100.0,1946.9710297341105,444.57629998214543,10536.073499999475,49.05113636363637,66.41869426541795,6.132407851210465,1100,1200,1400,1600,2600,10000,10000,10000,10000,11000,11000
,Aggregated,2955,686,1300.0,4728.464857021339,109.269900014624,28145.150700001977,74.84399323181049,92.92956512988167,21.57349633810451,1300,2900,10000,10000,10000,16000,23000,24000,27000,28000,28000
