Type,Name,Request Count,Failure Count,Median Response Time,Average Response Time,Min Response Time,Max Response Time,Average Content Size,Requests/s,Failures/s,50%,66%,75%,80%,90%,95%,98%,99%,99.9%,99.99%,100%
POST,/api/login,789,436,10000,11346.054965128,109.269900014624,28145.150700002,139.463819691578,26.5108708644637,15.441088486894,10000,10000,11000,14000,20000,24000,26000,26000,28000,28000,28000
GET,/health,1974,120,1100,1978.4683217953,444.576299982145,10536.0734999995,49.0511363636364,66.418694265418,6.13240785121047,1100,1200,1400,1600,2600,10000,10000,10000,10000,11000,11000
,Aggregated,2763,556,1300,4728.46485702134,109.269900014624,28145.150700002,74.8439932318105,92.9295651298817,21.5734963381045,1300,2900,10000,10000,10000,16000,23000,24000,27000,28000,28000
